{

    "Version" : 1,
    "Sequence" : {
        "BackgroundColor" : [0.002320,0.002320,0.093642],
        "HomePosition" : [1.0000000000000000e+00,0.0000000000000000e+00,0.0000000000000000e+00,0.0000000000000000e+00,0.0000000000000000e+00,1.0000000000000000e+00,0.0000000000000000e+00,0.0000000000000000e+00,0.0000000000000000e+00,0.0000000000000000e+00,1.0000000000000000e+00,0.0000000000000000e+00,0.0000000000000000e+00,0.0000000000000000e+00,0.0000000000000000e+00,1.0000000000000000e+00],
        "TrackingOrigin" : 1,
        "RootLayer" : {
            "Name" : "Root",
            "Visible" : true,
            "Locked" : false,
            "Collapsed" : false,
            "BBoxVisible" : false,
            "Opacity" : 1.000000,
            "Type" : "Group",
            "Transform" : [1.000000,0.000000,0.000000,0.000000,0.000000,1.000000,0.000000,0.000000,0.000000,0.000000,1.000000,0.000000,0.000000,0.000000,0.000000,1.000000],
            "AnimOffset" : 0.0000000000000000e+00,
            "Implementation" : {
                "Children" : [
                    {
                        "Name" : "Paint",
                        "Visible" : true,
                        "Locked" : false,
                        "Collapsed" : false,
                        "BBoxVisible" : false,
                        "Opacity" : 1.000000,
                        "Type" : "Paint",
                        "Transform" : [-0.652728,0.216574,-0.725977,-0.089090,0.314124,0.949382,0.000790,0.063816,0.689400,-0.227531,-0.687719,-0.033617,0.000000,0.000000,0.000000,1.000000],
                        "AnimOffset" : 0.0000000000000000e+00,
                        "Implementation" : {
                            "BoundingBox" : [-0.526714,0.557436,-0.571946,0.444760,-0.536251,0.459902],
                            "AnimSpeed" : 125.000000,
                            "PlaybackReduce" : 1,
                            "DataFileOffset" : "8"
                        }
                    }
                ]
            }
        }
    }
}