{

    "Version" : 1,
    "Sequence" : {
        "BackgroundColor" : [0.000000,0.000000,0.000000],
        "HomePosition" : [9.9999999989999999e-01,0.0000000000000000e+00,0.0000000000000000e+00,0.0000000000000000e+00,0.0000000000000000e+00,9.9999999989999999e-01,0.0000000000000000e+00,0.0000000000000000e+00,0.0000000000000000e+00,0.0000000000000000e+00,9.9999999989999999e-01,0.0000000000000000e+00,0.0000000000000000e+00,0.0000000000000000e+00,0.0000000000000000e+00,1.0000000000000000e+00],
        "TrackingOrigin" : 1,
        "RootLayer" : {
            "Name" : "Root",
            "Visible" : true,
            "Locked" : false,
            "Collapsed" : false,
            "BBoxVisible" : false,
            "Opacity" : 1.000000,
            "Type" : "Group",
            "Transform" : [1.000000,0.000000,0.000000,0.000000,0.000000,1.000000,0.000000,0.000000,0.000000,0.000000,1.000000,0.000000,0.000000,0.000000,0.000000,1.000000],
            "AnimOffset" : 0.0000000000000000e+00,
            "Implementation" : {
                "Children" : [
                    {
                        "Name" : "Paint",
                        "Visible" : true,
                        "Locked" : false,
                        "Collapsed" : false,
                        "BBoxVisible" : false,
                        "Opacity" : 1.000000,
                        "Type" : "Paint",
                        "Transform" : [1.000000,0.000000,0.000000,0.000000,0.000000,1.000000,0.000000,0.000000,0.000000,0.000000,1.000000,0.000000,0.000000,0.000000,0.000000,1.000000],
                        "AnimOffset" : 0.0000000000000000e+00,
                        "Implementation" : {
                            "BoundingBox" : [-0.143018,0.258762,-0.077346,0.195839,-0.395008,-0.269064],
                            "AnimSpeed" : 2.000000,
                            "PlaybackReduce" : 1,
                            "DataFileOffset" : "8"
                        }
                    }
                ]
            }
        }
    }
}